{
    "__inputs": [
      {
        "name": "DS_PROMETHEUS_LOCALHOST",
        "label": "Prometheus Localhost",
        "description": "",
        "type": "datasource",
        "pluginId": "prometheus",
        "pluginName": "Prometheus"
      }
    ],
    "__requires": [
      {
        "type": "grafana",
        "id": "grafana",
        "name": "Grafana",
        "version": "5.2.1"
      },
      {
        "type": "panel",
        "id": "graph",
        "name": "Graph",
        "version": "5.0.0"
      },
      {
        "type": "datasource",
        "id": "prometheus",
        "name": "Prometheus",
        "version": "5.0.0"
      },
      {
        "type": "panel",
        "id": "singlestat",
        "name": "Singlestat",
        "version": "5.0.0"
      }
    ],
    "annotations": {
      "list": [
        {
          "builtIn": 1,
          "datasource": "-- Grafana --",
          "enable": true,
          "hide": true,
          "iconColor": "rgba(0, 211, 255, 1)",
          "name": "Annotations & Alerts",
          "type": "dashboard"
        }
      ]
    },
    "description": "Kafka resource usage and throughput",
    "editable": true,
    "gnetId": 721,
    "graphTooltip": 0,
    "id": null,
    "links": [],
    "panels": [
      {
        "cacheTimeout": null,
        "colorBackground": false,
        "colorValue": true,
        "colors": [
          "#d44a3a",
          "rgba(237, 129, 40, 0.89)",
          "#299c46"
        ],
        "datasource": "${DS_PROMETHEUS_LOCALHOST}",
        "description": "Number of Brokers Online",
        "format": "none",
        "gauge": {
          "maxValue": 100,
          "minValue": 0,
          "show": false,
          "thresholdLabels": false,
          "thresholdMarkers": true
        },
        "gridPos": {
          "h": 4,
          "w": 4,
          "x": 0,
          "y": 0
        },
        "id": 14,
        "interval": null,
        "links": [],
        "mappingType": 1,
        "mappingTypes": [
          {
            "name": "value to text",
            "value": 1
          },
          {
            "name": "range to text",
            "value": 2
          }
        ],
        "maxDataPoints": 100,
        "nullPointMode": "connected",
        "nullText": null,
        "postfix": "",
        "postfixFontSize": "50%",
        "prefix": "",
        "prefixFontSize": "50%",
        "rangeMaps": [
          {
            "from": "null",
            "text": "N/A",
            "to": "null"
          }
        ],
        "repeat": null,
        "repeatDirection": "h",
        "sparkline": {
          "fillColor": "rgba(31, 118, 189, 0.18)",
          "full": false,
          "lineColor": "rgb(31, 120, 193)",
          "show": false
        },
        "tableColumn": "",
        "targets": [
          {
            "expr": "count(kafka_server_replicamanager_leadercount)",
            "format": "time_series",
            "intervalFactor": 1,
            "legendFormat": "",
            "refId": "A"
          }
        ],
        "thresholds": "0,2",
        "title": "Brokers Online",
        "type": "singlestat",
        "valueFontSize": "200%",
        "valueMaps": [
          {
            "op": "=",
            "text": "N/A",
            "value": "null"
          }
        ],
        "valueName": "current"
      },
      {
        "cacheTimeout": null,
        "colorBackground": false,
        "colorValue": true,
        "colors": [
          "#299c46",
          "#e5ac0e",
          "#bf1b00"
        ],
        "datasource": "${DS_PROMETHEUS_LOCALHOST}",
        "description": "Number of active controllers in the cluster.",
        "format": "none",
        "gauge": {
          "maxValue": 100,
          "minValue": 0,
          "show": false,
          "thresholdLabels": false,
          "thresholdMarkers": true
        },
        "gridPos": {
          "h": 4,
          "w": 4,
          "x": 4,
          "y": 0
        },
        "id": 12,
        "interval": null,
        "links": [],
        "mappingType": 1,
        "mappingTypes": [
          {
            "name": "value to text",
            "value": 1
          },
          {
            "name": "range to text",
            "value": 2
          }
        ],
        "maxDataPoints": 100,
        "nullPointMode": "connected",
        "nullText": null,
        "postfix": "",
        "postfixFontSize": "50%",
        "prefix": "",
        "prefixFontSize": "50%",
        "rangeMaps": [
          {
            "from": "null",
            "text": "N/A",
            "to": "null"
          }
        ],
        "sparkline": {
          "fillColor": "rgba(31, 118, 189, 0.18)",
          "full": false,
          "lineColor": "rgb(31, 120, 193)",
          "show": false
        },
        "tableColumn": "",
        "targets": [
          {
            "expr": "sum(kafka_controller_kafkacontroller_activecontrollercount)",
            "format": "time_series",
            "intervalFactor": 1,
            "refId": "A"
          }
        ],
        "thresholds": "2",
        "title": "Active Controllers",
        "type": "singlestat",
        "valueFontSize": "200%",
        "valueMaps": [
          {
            "op": "=",
            "text": "N/A",
            "value": "null"
          }
        ],
        "valueName": "current"
      },
      {
        "cacheTimeout": null,
        "colorBackground": false,
        "colorValue": true,
        "colors": [
          "#299c46",
          "rgba(237, 129, 40, 0.89)",
          "#d44a3a"
        ],
        "datasource": "${DS_PROMETHEUS_LOCALHOST}",
        "description": "Unclean leader election rate",
        "format": "none",
        "gauge": {
          "maxValue": 100,
          "minValue": 0,
          "show": false,
          "thresholdLabels": false,
          "thresholdMarkers": true
        },
        "gridPos": {
          "h": 4,
          "w": 4,
          "x": 8,
          "y": 0
        },
        "id": 16,
        "interval": null,
        "links": [],
        "mappingType": 1,
        "mappingTypes": [
          {
            "name": "value to text",
            "value": 1
          },
          {
            "name": "range to text",
            "value": 2
          }
        ],
        "maxDataPoints": 100,
        "nullPointMode": "connected",
        "nullText": null,
        "postfix": "",
        "postfixFontSize": "50%",
        "prefix": "",
        "prefixFontSize": "50%",
        "rangeMaps": [
          {
            "from": "null",
            "text": "N/A",
            "to": "null"
          }
        ],
        "sparkline": {
          "fillColor": "rgba(31, 118, 189, 0.18)",
          "full": false,
          "lineColor": "rgb(31, 120, 193)",
          "show": false
        },
        "tableColumn": "",
        "targets": [
          {
            "expr": "sum(kafka_controller_controllerstats_uncleanleaderelectionspersec)",
            "format": "time_series",
            "intervalFactor": 1,
            "refId": "A"
          }
        ],
        "thresholds": "2",
        "title": "Unclean Leader Election Rate",
        "type": "singlestat",
        "valueFontSize": "200%",
        "valueMaps": [
          {
            "op": "=",
            "text": "N/A",
            "value": "null"
          }
        ],
        "valueName": "current"
      },
      {
        "cacheTimeout": null,
        "colorBackground": false,
        "colorValue": true,
        "colors": [
          "#d44a3a",
          "rgba(237, 129, 40, 0.89)",
          "#299c46"
        ],
        "datasource": "${DS_PROMETHEUS_LOCALHOST}",
        "description": "Partitions that are online",
        "format": "none",
        "gauge": {
          "maxValue": 100,
          "minValue": 0,
          "show": false,
          "thresholdLabels": false,
          "thresholdMarkers": true
        },
        "gridPos": {
          "h": 4,
          "w": 4,
          "x": 12,
          "y": 0
        },
        "id": 18,
        "interval": null,
        "links": [],
        "mappingType": 1,
        "mappingTypes": [
          {
            "name": "value to text",
            "value": 1
          },
          {
            "name": "range to text",
            "value": 2
          }
        ],
        "maxDataPoints": 100,
        "nullPointMode": "connected",
        "nullText": null,
        "postfix": "",
        "postfixFontSize": "50%",
        "prefix": "",
        "prefixFontSize": "50%",
        "rangeMaps": [
          {
            "from": "null",
            "text": "N/A",
            "to": "null"
          }
        ],
        "sparkline": {
          "fillColor": "rgba(31, 118, 189, 0.18)",
          "full": false,
          "lineColor": "rgb(31, 120, 193)",
          "show": false
        },
        "tableColumn": "",
        "targets": [
          {
            "expr": "sum(kafka_server_replicamanager_partitioncount)",
            "format": "time_series",
            "intervalFactor": 1,
            "refId": "A"
          }
        ],
        "thresholds": "0,0",
        "title": "Online Partitions",
        "type": "singlestat",
        "valueFontSize": "200%",
        "valueMaps": [
          {
            "op": "=",
            "text": "N/A",
            "value": "null"
          }
        ],
        "valueName": "current"
      },
      {
        "cacheTimeout": null,
        "colorBackground": false,
        "colorValue": true,
        "colors": [
          "#508642",
          "rgba(237, 129, 40, 0.89)",
          "#bf1b00"
        ],
        "datasource": "${DS_PROMETHEUS_LOCALHOST}",
        "description": "Number of under-replicated partitions (| ISR | < | all replicas |).",
        "format": "none",
        "gauge": {
          "maxValue": 100,
          "minValue": 0,
          "show": false,
          "thresholdLabels": false,
          "thresholdMarkers": true
        },
        "gridPos": {
          "h": 4,
          "w": 4,
          "x": 16,
          "y": 0
        },
        "id": 20,
        "interval": null,
        "links": [],
        "mappingType": 1,
        "mappingTypes": [
          {
            "name": "value to text",
            "value": 1
          },
          {
            "name": "range to text",
            "value": 2
          }
        ],
        "maxDataPoints": 100,
        "nullPointMode": "connected",
        "nullText": null,
        "postfix": "",
        "postfixFontSize": "50%",
        "prefix": "",
        "prefixFontSize": "100%",
        "rangeMaps": [
          {
            "from": "null",
            "text": "N/A",
            "to": "null"
          }
        ],
        "sparkline": {
          "fillColor": "rgba(31, 118, 189, 0.18)",
          "full": false,
          "lineColor": "rgb(31, 120, 193)",
          "show": false
        },
        "tableColumn": "",
        "targets": [
          {
            "expr": "sum(kafka_server_replicamanager_underreplicatedpartitions)",
            "format": "time_series",
            "hide": false,
            "intervalFactor": 2,
            "refId": "A"
          }
        ],
        "thresholds": "1,5",
        "title": "Under Replicated Partitions",
        "type": "singlestat",
        "valueFontSize": "200%",
        "valueMaps": [
          {
            "op": "=",
            "text": "N/A",
            "value": "null"
          }
        ],
        "valueName": "current"
      },
      {
        "cacheTimeout": null,
        "colorBackground": false,
        "colorValue": true,
        "colors": [
          "#508642",
          "#ef843c",
          "#bf1b00"
        ],
        "datasource": "${DS_PROMETHEUS_LOCALHOST}",
        "description": "Number of partitions that don’t have an active leader and are hence not writable or readable.",
        "format": "none",
        "gauge": {
          "maxValue": 100,
          "minValue": 0,
          "show": false,
          "thresholdLabels": false,
          "thresholdMarkers": true
        },
        "gridPos": {
          "h": 4,
          "w": 4,
          "x": 20,
          "y": 0
        },
        "id": 22,
        "interval": null,
        "links": [],
        "mappingType": 1,
        "mappingTypes": [
          {
            "name": "value to text",
            "value": 1
          },
          {
            "name": "range to text",
            "value": 2
          }
        ],
        "maxDataPoints": 100,
        "nullPointMode": "connected",
        "nullText": null,
        "postfix": "",
        "postfixFontSize": "50%",
        "prefix": "",
        "prefixFontSize": "50%",
        "rangeMaps": [
          {
            "from": "null",
            "text": "N/A",
            "to": "null"
          }
        ],
        "sparkline": {
          "fillColor": "rgba(31, 118, 189, 0.18)",
          "full": false,
          "lineColor": "rgb(31, 120, 193)",
          "show": false
        },
        "tableColumn": "",
        "targets": [
          {
            "expr": "sum(kafka_controller_kafkacontroller_offlinepartitionscount)",
            "format": "time_series",
            "intervalFactor": 1,
            "refId": "A"
          }
        ],
        "thresholds": "1,1",
        "title": "Offline Partitions Count",
        "type": "singlestat",
        "valueFontSize": "200%",
        "valueMaps": [
          {
            "op": "=",
            "text": "N/A",
            "value": "null"
          }
        ],
        "valueName": "current"
      },
      {
        "aliasColors": {
          "localhost:7071": "#629E51"
        },
        "bars": false,
        "dashLength": 10,
        "dashes": false,
        "datasource": "${DS_PROMETHEUS_LOCALHOST}",
        "editable": true,
        "error": false,
        "fill": 1,
        "grid": {},
        "gridPos": {
          "h": 7,
          "w": 8,
          "x": 0,
          "y": 4
        },
        "id": 1,
        "isNew": true,
        "legend": {
          "avg": false,
          "current": false,
          "max": false,
          "min": false,
          "show": true,
          "total": false,
          "values": false
        },
        "lines": true,
        "linewidth": 2,
        "links": [],
        "nullPointMode": "connected",
        "percentage": false,
        "pointradius": 5,
        "points": false,
        "renderer": "flot",
        "seriesOverrides": [],
        "spaceLength": 10,
        "stack": false,
        "steppedLine": false,
        "targets": [
          {
            "expr": "rate(process_cpu_seconds_total{job=\"kafka\"}[1m])",
            "format": "time_series",
            "intervalFactor": 2,
            "legendFormat": "{{instance}}",
            "metric": "process_cpu_seconds_total",
            "refId": "A",
            "step": 4
          }
        ],
        "thresholds": [],
        "timeFrom": null,
        "timeShift": null,
        "title": "CPU Usage",
        "tooltip": {
          "msResolution": false,
          "shared": true,
          "sort": 0,
          "value_type": "cumulative"
        },
        "type": "graph",
        "xaxis": {
          "buckets": null,
          "mode": "time",
          "name": null,
          "show": true,
          "values": []
        },
        "yaxes": [
          {
            "format": "short",
            "label": "Cores",
            "logBase": 1,
            "max": null,
            "min": null,
            "show": true
          },
          {
            "format": "short",
            "label": null,
            "logBase": 1,
            "max": null,
            "min": null,
            "show": true
          }
        ],
        "yaxis": {
          "align": false,
          "alignLevel": null
        }
      },
      {
        "aliasColors": {
          "localhost:7071": "#BA43A9"
        },
        "bars": false,
        "dashLength": 10,
        "dashes": false,
        "datasource": "${DS_PROMETHEUS_LOCALHOST}",
        "editable": true,
        "error": false,
        "fill": 1,
        "grid": {},
        "gridPos": {
          "h": 7,
          "w": 8,
          "x": 8,
          "y": 4
        },
        "id": 2,
        "isNew": true,
        "legend": {
          "avg": false,
          "current": false,
          "max": false,
          "min": false,
          "show": true,
          "total": false,
          "values": false
        },
        "lines": true,
        "linewidth": 2,
        "links": [],
        "nullPointMode": "connected",
        "percentage": false,
        "pointradius": 5,
        "points": false,
        "renderer": "flot",
        "seriesOverrides": [],
        "spaceLength": 10,
        "stack": false,
        "steppedLine": false,
        "targets": [
          {
            "expr": "sum without(area)(jvm_memory_bytes_used{job=\"kafka\"})",
            "intervalFactor": 2,
            "legendFormat": "{{instance}}",
            "metric": "jvm_memory_bytes_used",
            "refId": "A",
            "step": 4
          }
        ],
        "thresholds": [],
        "timeFrom": null,
        "timeShift": null,
        "title": "JVM Memory Used",
        "tooltip": {
          "msResolution": false,
          "shared": true,
          "sort": 0,
          "value_type": "cumulative"
        },
        "type": "graph",
        "xaxis": {
          "buckets": null,
          "mode": "time",
          "name": null,
          "show": true,
          "values": []
        },
        "yaxes": [
          {
            "format": "bytes",
            "label": "Memory",
            "logBase": 1,
            "max": null,
            "min": null,
            "show": true
          },
          {
            "format": "short",
            "label": null,
            "logBase": 1,
            "max": null,
            "min": null,
            "show": true
          }
        ],
        "yaxis": {
          "align": false,
          "alignLevel": null
        }
      },
      {
        "aliasColors": {
          "localhost:7071": "#890F02"
        },
        "bars": false,
        "dashLength": 10,
        "dashes": false,
        "datasource": "${DS_PROMETHEUS_LOCALHOST}",
        "editable": true,
        "error": false,
        "fill": 1,
        "grid": {},
        "gridPos": {
          "h": 7,
          "w": 8,
          "x": 16,
          "y": 4
        },
        "id": 3,
        "isNew": true,
        "legend": {
          "avg": false,
          "current": false,
          "max": false,
          "min": false,
          "show": true,
          "total": false,
          "values": false
        },
        "lines": true,
        "linewidth": 2,
        "links": [],
        "nullPointMode": "connected",
        "percentage": false,
        "pointradius": 5,
        "points": false,
        "renderer": "flot",
        "seriesOverrides": [],
        "spaceLength": 10,
        "stack": false,
        "steppedLine": false,
        "targets": [
          {
            "expr": "sum without(gc)(rate(jvm_gc_collection_seconds_sum{job=\"kafka\"}[5m]))",
            "intervalFactor": 2,
            "legendFormat": "{{instance}}",
            "metric": "jvm_gc_collection_seconds_sum",
            "refId": "A",
            "step": 4
          }
        ],
        "thresholds": [],
        "timeFrom": null,
        "timeShift": null,
        "title": "Time spent in GC",
        "tooltip": {
          "msResolution": false,
          "shared": true,
          "sort": 0,
          "value_type": "cumulative"
        },
        "type": "graph",
        "xaxis": {
          "buckets": null,
          "mode": "time",
          "name": null,
          "show": true,
          "values": []
        },
        "yaxes": [
          {
            "format": "percentunit",
            "label": "% time in GC",
            "logBase": 1,
            "max": null,
            "min": null,
            "show": true
          },
          {
            "format": "short",
            "label": null,
            "logBase": 1,
            "max": null,
            "min": null,
            "show": true
          }
        ],
        "yaxis": {
          "align": false,
          "alignLevel": null
        }
      },
      {
        "aliasColors": {},
        "bars": false,
        "dashLength": 10,
        "dashes": false,
        "datasource": "${DS_PROMETHEUS_LOCALHOST}",
        "editable": true,
        "error": false,
        "fill": 1,
        "grid": {},
        "gridPos": {
          "h": 7,
          "w": 8,
          "x": 0,
          "y": 11
        },
        "id": 4,
        "isNew": true,
        "legend": {
          "avg": false,
          "current": false,
          "max": false,
          "min": false,
          "show": true,
          "total": false,
          "values": false
        },
        "lines": true,
        "linewidth": 2,
        "links": [],
        "nullPointMode": "connected",
        "percentage": false,
        "pointradius": 5,
        "points": false,
        "renderer": "flot",
        "seriesOverrides": [],
        "spaceLength": 10,
        "stack": false,
        "steppedLine": false,
        "targets": [
          {
            "expr": "sum without(instance)(rate(kafka_server_brokertopicmetrics_messagesin_total{job=\"kafka\",topic!=\"\"}[5m]))",
            "intervalFactor": 2,
            "legendFormat": "{{topic}}",
            "metric": "kafka_server_brokertopicmetrics_messagesin_total",
            "refId": "A",
            "step": 4
          }
        ],
        "thresholds": [],
        "timeFrom": null,
        "timeShift": null,
        "title": "Messages In Per Topic",
        "tooltip": {
          "msResolution": false,
          "shared": true,
          "sort": 0,
          "value_type": "cumulative"
        },
        "type": "graph",
        "xaxis": {
          "buckets": null,
          "mode": "time",
          "name": null,
          "show": true,
          "values": []
        },
        "yaxes": [
          {
            "format": "short",
            "label": "Messages/s",
            "logBase": 1,
            "max": null,
            "min": null,
            "show": true
          },
          {
            "format": "short",
            "label": null,
            "logBase": 1,
            "max": null,
            "min": null,
            "show": true
          }
        ],
        "yaxis": {
          "align": false,
          "alignLevel": null
        }
      },
      {
        "aliasColors": {},
        "bars": false,
        "dashLength": 10,
        "dashes": false,
        "datasource": "${DS_PROMETHEUS_LOCALHOST}",
        "editable": true,
        "error": false,
        "fill": 1,
        "grid": {},
        "gridPos": {
          "h": 7,
          "w": 8,
          "x": 8,
          "y": 11
        },
        "id": 5,
        "isNew": true,
        "legend": {
          "avg": false,
          "current": false,
          "max": false,
          "min": false,
          "show": true,
          "total": false,
          "values": false
        },
        "lines": true,
        "linewidth": 2,
        "links": [],
        "nullPointMode": "connected",
        "percentage": false,
        "pointradius": 5,
        "points": false,
        "renderer": "flot",
        "seriesOverrides": [],
        "spaceLength": 10,
        "stack": false,
        "steppedLine": false,
        "targets": [
          {
            "expr": "sum without(instance)(rate(kafka_server_brokertopicmetrics_bytesin_total{job=\"kafka\",topic!=\"\"}[5m]))",
            "format": "time_series",
            "intervalFactor": 2,
            "legendFormat": "{{topic}}",
            "metric": "kafka_server_brokertopicmetrics_bytesin_total",
            "refId": "A",
            "step": 4
          }
        ],
        "thresholds": [],
        "timeFrom": null,
        "timeShift": null,
        "title": "Bytes In Per Topic",
        "tooltip": {
          "msResolution": false,
          "shared": true,
          "sort": 0,
          "value_type": "cumulative"
        },
        "type": "graph",
        "xaxis": {
          "buckets": null,
          "mode": "time",
          "name": null,
          "show": true,
          "values": []
        },
        "yaxes": [
          {
            "format": "Bps",
            "label": "Bytes/s",
            "logBase": 1,
            "max": null,
            "min": null,
            "show": true
          },
          {
            "format": "short",
            "label": null,
            "logBase": 1,
            "max": null,
            "min": null,
            "show": true
          }
        ],
        "yaxis": {
          "align": false,
          "alignLevel": null
        }
      },
      {
        "aliasColors": {},
        "bars": false,
        "dashLength": 10,
        "dashes": false,
        "datasource": "${DS_PROMETHEUS_LOCALHOST}",
        "editable": true,
        "error": false,
        "fill": 1,
        "grid": {},
        "gridPos": {
          "h": 7,
          "w": 8,
          "x": 16,
          "y": 11
        },
        "id": 6,
        "isNew": true,
        "legend": {
          "avg": false,
          "current": false,
          "max": false,
          "min": false,
          "show": true,
          "total": false,
          "values": false
        },
        "lines": true,
        "linewidth": 2,
        "links": [],
        "nullPointMode": "connected",
        "percentage": false,
        "pointradius": 5,
        "points": false,
        "renderer": "flot",
        "seriesOverrides": [],
        "spaceLength": 10,
        "stack": false,
        "steppedLine": false,
        "targets": [
          {
            "expr": "sum without(instance)(rate(kafka_server_brokertopicmetrics_bytesout_total{job=\"kafka\",topic!=\"\"}[5m]))",
            "intervalFactor": 2,
            "legendFormat": "{{topic}}",
            "metric": "kafka_server_brokertopicmetrics_bytesin_total",
            "refId": "A",
            "step": 4
          }
        ],
        "thresholds": [],
        "timeFrom": null,
        "timeShift": null,
        "title": "Bytes Out Per Topic",
        "tooltip": {
          "msResolution": false,
          "shared": true,
          "sort": 0,
          "value_type": "cumulative"
        },
        "type": "graph",
        "xaxis": {
          "buckets": null,
          "mode": "time",
          "name": null,
          "show": true,
          "values": []
        },
        "yaxes": [
          {
            "format": "Bps",
            "label": "Bytes/s",
            "logBase": 1,
            "max": null,
            "min": null,
            "show": true
          },
          {
            "format": "short",
            "label": null,
            "logBase": 1,
            "max": null,
            "min": null,
            "show": true
          }
        ],
        "yaxis": {
          "align": false,
          "alignLevel": null
        }
      },
      {
        "aliasColors": {},
        "bars": false,
        "dashLength": 10,
        "dashes": false,
        "datasource": "${DS_PROMETHEUS_LOCALHOST}",
        "editable": true,
        "error": false,
        "fill": 1,
        "grid": {},
        "gridPos": {
          "h": 7,
          "w": 8,
          "x": 0,
          "y": 18
        },
        "id": 10,
        "isNew": true,
        "legend": {
          "avg": false,
          "current": false,
          "max": false,
          "min": false,
          "show": true,
          "total": false,
          "values": false
        },
        "lines": true,
        "linewidth": 2,
        "links": [],
        "nullPointMode": "connected",
        "percentage": false,
        "pointradius": 5,
        "points": false,
        "renderer": "flot",
        "seriesOverrides": [],
        "spaceLength": 10,
        "stack": false,
        "steppedLine": false,
        "targets": [
          {
            "expr": "sum without(topic)(rate(kafka_server_brokertopicmetrics_messagesin_total{job=\"kafka\",topic!=\"\"}[5m]))",
            "format": "time_series",
            "intervalFactor": 2,
            "legendFormat": "{{instance}}",
            "metric": "kafka_server_brokertopicmetrics_messagesin_total",
            "refId": "A",
            "step": 4
          }
        ],
        "thresholds": [],
        "timeFrom": null,
        "timeShift": null,
        "title": "Messages In Per Broker",
        "tooltip": {
          "msResolution": false,
          "shared": true,
          "sort": 0,
          "value_type": "cumulative"
        },
        "type": "graph",
        "xaxis": {
          "buckets": null,
          "mode": "time",
          "name": null,
          "show": true,
          "values": []
        },
        "yaxes": [
          {
            "format": "short",
            "label": "Messages/s",
            "logBase": 1,
            "max": null,
            "min": null,
            "show": true
          },
          {
            "format": "short",
            "label": null,
            "logBase": 1,
            "max": null,
            "min": null,
            "show": true
          }
        ],
        "yaxis": {
          "align": false,
          "alignLevel": null
        }
      },
      {
        "aliasColors": {},
        "bars": false,
        "dashLength": 10,
        "dashes": false,
        "datasource": "${DS_PROMETHEUS_LOCALHOST}",
        "editable": true,
        "error": false,
        "fill": 1,
        "grid": {},
        "gridPos": {
          "h": 7,
          "w": 8,
          "x": 8,
          "y": 18
        },
        "id": 7,
        "isNew": true,
        "legend": {
          "avg": false,
          "current": false,
          "max": false,
          "min": false,
          "show": true,
          "total": false,
          "values": false
        },
        "lines": true,
        "linewidth": 2,
        "links": [],
        "nullPointMode": "connected",
        "percentage": false,
        "pointradius": 5,
        "points": false,
        "renderer": "flot",
        "seriesOverrides": [],
        "spaceLength": 10,
        "stack": false,
        "steppedLine": false,
        "targets": [
          {
            "expr": "sum without(topic)(rate(kafka_server_brokertopicmetrics_bytesin_total{job=\"kafka\",topic!=\"\"}[5m]))",
            "format": "time_series",
            "intervalFactor": 2,
            "legendFormat": "{{instance}}",
            "metric": "kafka_server_brokertopicmetrics_bytesin_total",
            "refId": "A",
            "step": 4
          }
        ],
        "thresholds": [],
        "timeFrom": null,
        "timeShift": null,
        "title": "Bytes In Per Broker",
        "tooltip": {
          "msResolution": false,
          "shared": true,
          "sort": 0,
          "value_type": "cumulative"
        },
        "type": "graph",
        "xaxis": {
          "buckets": null,
          "mode": "time",
          "name": null,
          "show": true,
          "values": []
        },
        "yaxes": [
          {
            "format": "Bps",
            "label": "Bytes/s",
            "logBase": 1,
            "max": null,
            "min": null,
            "show": true
          },
          {
            "format": "short",
            "label": null,
            "logBase": 1,
            "max": null,
            "min": null,
            "show": true
          }
        ],
        "yaxis": {
          "align": false,
          "alignLevel": null
        }
      },
      {
        "aliasColors": {},
        "bars": false,
        "dashLength": 10,
        "dashes": false,
        "datasource": "${DS_PROMETHEUS_LOCALHOST}",
        "fill": 1,
        "gridPos": {
          "h": 7,
          "w": 8,
          "x": 16,
          "y": 18
        },
        "id": 9,
        "legend": {
          "avg": false,
          "current": false,
          "max": false,
          "min": false,
          "show": true,
          "total": false,
          "values": false
        },
        "lines": true,
        "linewidth": 1,
        "links": [],
        "nullPointMode": "null",
        "percentage": false,
        "pointradius": 5,
        "points": false,
        "renderer": "flot",
        "seriesOverrides": [],
        "spaceLength": 10,
        "stack": false,
        "steppedLine": false,
        "targets": [
          {
            "expr": "sum without(topic)(rate(kafka_server_brokertopicmetrics_bytesout_total{job=\"kafka\",topic!=\"\"}[5m]))",
            "format": "time_series",
            "intervalFactor": 1,
            "legendFormat": "{{instance}}",
            "refId": "A"
          }
        ],
        "thresholds": [],
        "timeFrom": null,
        "timeShift": null,
        "title": "Bytes Out Per Broker",
        "tooltip": {
          "shared": true,
          "sort": 0,
          "value_type": "individual"
        },
        "type": "graph",
        "xaxis": {
          "buckets": null,
          "mode": "time",
          "name": null,
          "show": true,
          "values": []
        },
        "yaxes": [
          {
            "format": "short",
            "label": null,
            "logBase": 1,
            "max": null,
            "min": "0",
            "show": true
          },
          {
            "format": "short",
            "label": null,
            "logBase": 1,
            "max": null,
            "min": null,
            "show": true
          }
        ],
        "yaxis": {
          "align": false,
          "alignLevel": null
        }
      }
    ],
    "schemaVersion": 16,
    "style": "dark",
    "tags": [],
    "templating": {
      "list": []
    },
    "time": {
      "from": "now-30m",
      "to": "now"
    },
    "timepicker": {
      "refresh_intervals": [
        "5s",
        "10s",
        "30s",
        "1m",
        "5m",
        "15m",
        "30m",
        "1h",
        "2h",
        "1d"
      ],
      "time_options": [
        "5m",
        "15m",
        "1h",
        "6h",
        "12h",
        "24h",
        "2d",
        "7d",
        "30d"
      ]
    },
    "timezone": "browser",
    "title": "Kafka Overview",
    "uid": "9RvjUo5ik",
    "version": 4
  }